"bairro";"distrito_sanitario";"descricao_distrito"
"Boa Vista";"1";"DS I"
"Cabanga";"1";"DS I"
"Coelhos";"1";"DS I"
"Ilha do Leite";"1";"DS I"
"Ilha Joana Bezerra";"1";"DS I"
"Paissandu";"1";"DS I"
"Recife";"1";"DS I"
"Santo Amaro";"1";"DS I"
"Santo Antonio";"1";"DS I"
"Sao Jose";"1";"DS I"
"Soledade";"1";"DS I"
"Agua Fria";"2";"DS II"
"Alto Santa Terezinha";"2";"DS II"
"Arruda";"2";"DS II"
"Beberibe";"2";"DS II"
"Bomba do Hemeterio";"2";"DS II"
"Cajueiro";"2";"DS II"
"Campina do Barreto";"2";"DS II"
"Campo Grande";"2";"DS II"
"Dois Unidos";"2";"DS II"
"Encruzilhada";"2";"DS II"
"Fundao";"2";"DS II"
"Hipodromo";"2";"DS II"
"Linha do Tiro";"2";"DS II"
"Peixinhos";"2";"DS II"
"Ponto de Parada";"2";"DS II"
"Porto da Madeira";"2";"DS II"
"Rosarinho";"2";"DS II"
"Torreao";"2";"DS II"
"Aflitos";"3";"DS III"
"Alto do Mandu";"3";"DS III"
"Apipucos";"3";"DS III"
"Casa Amarela";"3";"DS III"
"Casa Forte";"3";"DS III"
"Derby";"3";"DS III"
"Dois Irmaos";"3";"DS III"
"Espinheiro";"3";"DS III"
"Gracas";"3";"DS III"
"Jaqueira";"3";"DS III"
"Monteiro";"3";"DS III"
"Parnamirim";"3";"DS III"
"Poco";"3";"DS III"
"Santana";"3";"DS III"
"Sitio dos Pintos";"3";"DS III"
"Tamarineira";"3";"DS III"
"Caxanga";"4";"DS IV"
"Cidade Universitaria";"4";"DS IV"
"Cordeiro";"4";"DS IV"
"Engenho do Meio";"4";"DS IV"
"Ilha do retiro";"4";"DS IV"
"Iputinga";"4";"DS IV"
"Madalena";"4";"DS IV"
"Prado";"4";"DS IV"
"Torre";"4";"DS IV"
"Torroes";"4";"DS IV"
"Varzea";"4";"DS IV"
"Zumbi";"4";"DS IV"
"Afogados";"5";"DS V"
"Areias";"5";"DS V"
"Barro";"5";"DS V"
"Bongi";"5";"DS V"
"Cacote";"5";"DS V"
"Coqueiral";"5";"DS V"
"Curado";"5";"DS V"
"Estancia";"5";"DS V"
"Jardim Sao Paulo";"5";"DS V"
"Jiquia";"5";"DS V"
"Mangueira";"5";"DS V"
"Mustardinha";"5";"DS V"
"San Martin";"5";"DS V"
"Sancho";"5";"DS V"
"Tejipio";"5";"DS V"
"Toto";"5";"DS V"
"Boa Viagem";"6";"DS VI"
"Brasilia Teimosa";"6";"DS VI"
"Imbiribeira";"6";"DS VI"
"IPSEP";"6";"DS VI"
"Pina";"6";"DS VI"
"Brejo de Beberibe";"7";"DS VII"
"Cohab";"7";"DS VII"
"Ibura";"7";"DS VII"
"Jordao";"7";"DS VII"
"Alto Jose Bonifacio";"8";"DS VIII"
"Alto Jose do Pinho";"8";"DS VIII"
"Brejo da Guabiraba";"8";"DS VIII"
"Corrego do Jenipapo";"8";"DS VIII"
"Guabiraba";"8";"DS VIII"
"Macaxeira";"8";"DS VIII"
"Mangabeira";"8";"DS VIII"
"Morro da Conceicao";"8";"DS VIII"
"Nova Descoberta";"8";"DS VIII"
"Passarinho";"8";"DS VIII"
"Pau Ferro";"8";"DS VIII"
"Vasco da Gama";"8";"DS VIII"
