semana,chuva_mm,temp_media,temp_max,dias,n_est,fonte_chuva,fonte_temp
202401,,,,6,2.0,APAC,openmeteo
202402,25.950000000000003,27.2,29.942857142857143,7,1.8571428571428568,APAC,openmeteo
202403,44.7,27.52857142857143,30.25714285714286,7,2.0,APAC,openmeteo
202404,17.3,28.24285714285714,31.428571428571427,7,2.0,APAC,openmeteo
202405,3.87,27.82857142857143,30.514285714285712,7,4.571428571428571,APAC,openmeteo
202406,7.913277777777778,28.5,31.214285714285715,7,8.857142857142858,APAC,openmeteo
202407,50.0059706959707,27.014285714285712,29.67142857142857,7,10.142857142857142,APAC,openmeteo
202408,18.599945054945053,27.085714285714285,29.61428571428572,7,13.428571428571429,APAC,openmeteo
202409,45.193087912087904,27.071428571428573,30.0,7,14.0,APAC,openmeteo
202410,16.663625,27.785714285714285,30.342857142857145,7,15.0,APAC,openmeteo
202411,21.39027472527472,27.457142857142856,30.1,7,13.428571428571429,APAC,openmeteo
202412,9.36985236985237,27.685714285714287,30.185714285714287,7,9.857142857142858,APAC,openmeteo
202413,25.934888888888885,27.17142857142857,29.65714285714285,7,9.142857142857142,APAC,openmeteo
202414,47.739666666666665,27.1,30.0,7,10.0,APAC,openmeteo
202415,11.342896825396824,27.1,29.485714285714288,7,10.428571428571429,APAC,openmeteo
202416,32.64577472527473,26.957142857142856,29.214285714285715,7,14.142857142857142,APAC,openmeteo
202417,38.48901098901099,27.342857142857145,30.042857142857144,7,13.714285714285714,APAC,openmeteo
202418,55.78571428571427,27.085714285714285,29.442857142857143,7,14.0,APAC,openmeteo
202419,60.54857142857143,26.52857142857143,28.928571428571427,7,14.0,APAC,openmeteo
202420,31.667527472527475,26.214285714285715,28.62857142857143,7,14.0,APAC,openmeteo
202421,23.028571428571425,26.1,28.12857142857143,7,14.0,APAC,openmeteo
202422,49.19928571428572,25.585714285714285,27.642857142857142,7,14.0,APAC,openmeteo
202423,96.3880031512605,25.77142857142857,28.3,7,15.0,APAC,openmeteo
202424,106.98974264705885,25.65714285714285,27.928571428571427,7,17.142857142857142,APAC,openmeteo
202425,78.66944444444445,25.142857142857142,27.4,7,17.571428571428573,APAC,openmeteo
202426,25.18034210526316,24.728571428571428,27.37142857142857,7,19.142857142857142,APAC,openmeteo
202427,18.35524767801858,24.357142857142858,26.62857142857143,7,19.285714285714285,APAC,openmeteo
202428,37.7195,24.457142857142856,26.557142857142857,7,20.0,APAC,openmeteo
202429,5.925289473684211,24.67142857142857,26.75714285714286,7,19.714285714285715,APAC,openmeteo
202430,13.60219298245614,24.52857142857143,27.071428571428573,7,19.142857142857142,APAC,openmeteo
202431,6.028552631578947,24.685714285714287,27.1,7,19.714285714285715,APAC,openmeteo
202432,17.67129411764706,24.185714285714287,26.585714285714285,7,19.142857142857142,APAC,openmeteo
202433,0.5749444444444445,25.071428571428573,27.442857142857143,7,16.857142857142858,APAC,openmeteo
202434,11.461725146198829,24.457142857142856,26.857142857142858,7,18.714285714285715,APAC,openmeteo
202435,7.371374269005848,24.3,26.914285714285715,7,18.714285714285715,APAC,openmeteo
202436,1.4300000000000002,24.62857142857143,27.24285714285714,7,18.857142857142858,APAC,openmeteo
202437,25.233990368077052,24.27142857142857,26.314285714285717,7,18.0,APAC,openmeteo
202438,2.977875816993464,24.82857142857143,27.27142857142857,7,17.857142857142858,APAC,openmeteo
202439,10.610915032679738,25.142857142857142,27.557142857142857,7,17.428571428571427,APAC,openmeteo
202440,4.828532851737186,25.228571428571428,27.61428571428572,7,18.142857142857142,APAC,openmeteo
202441,0.0666666666666666,25.928571428571427,28.642857142857142,7,17.857142857142858,APAC,openmeteo
202442,6.207058823529412,26.3,28.9,7,16.857142857142858,APAC,openmeteo
202443,1.532058823529412,26.314285714285717,29.014285714285712,7,16.571428571428573,APAC,openmeteo
202444,4.053014705882354,26.47142857142857,29.02857142857143,7,16.571428571428573,APAC,openmeteo
202445,3.2852941176470587,26.285714285714285,28.62857142857143,7,16.571428571428573,APAC,openmeteo
202446,0.5154523809523809,26.457142857142856,29.12857142857143,7,15.0,APAC,openmeteo
202447,0.1125,26.785714285714285,29.62857142857143,7,16.0,APAC,openmeteo
202448,0.074375,27.385714285714283,30.185714285714287,7,15.714285714285714,APAC,openmeteo
202449,7.022085784313726,26.357142857142858,28.928571428571427,7,15.857142857142858,APAC,openmeteo
202450,1.3648333333333331,27.11428571428572,29.75714285714286,7,16.0,APAC,openmeteo
202451,5.117230392156862,27.014285714285712,29.342857142857145,7,16.142857142857142,APAC,openmeteo
202452,2.4625490196078434,27.085714285714285,29.62857142857143,7,14.571428571428571,APAC,openmeteo
