semana,chuva_mm,temp_media,temp_max
202401,8.200000000000001,27.099999999999998,29.95
202402,14.9,27.2,29.942857142857143
202403,4.0,27.52857142857143,30.25714285714286
202404,8.0,28.24285714285714,31.428571428571427
202405,10.200000000000001,27.82857142857143,30.514285714285712
202406,8.2,28.5,31.214285714285715
202407,52.400000000000006,27.014285714285712,29.67142857142857
202408,31.099999999999998,27.085714285714285,29.614285714285717
202409,49.3,27.071428571428573,30.0
202410,26.0,27.785714285714285,30.342857142857145
202411,28.6,27.457142857142856,30.099999999999998
202412,18.0,27.685714285714287,30.185714285714287
202413,49.6,27.17142857142857,29.657142857142855
202414,21.5,27.099999999999998,30.0
202415,36.7,27.1,29.485714285714288
202416,23.3,26.957142857142856,29.214285714285715
202417,24.6,27.342857142857145,30.042857142857144
202418,33.7,27.085714285714285,29.442857142857143
202419,32.4,26.52857142857143,28.928571428571427
202420,23.0,26.214285714285715,28.62857142857143
202421,32.5,26.099999999999998,28.12857142857143
202422,25.6,25.585714285714285,27.642857142857142
202423,44.7,25.771428571428572,28.3
202424,81.6,25.657142857142855,27.928571428571427
202425,42.3,25.142857142857142,27.400000000000002
202426,24.3,24.728571428571428,27.37142857142857
202427,58.2,24.357142857142858,26.62857142857143
202428,41.7,24.457142857142856,26.557142857142857
202429,25.1,24.67142857142857,26.75714285714286
202430,18.5,24.52857142857143,27.071428571428573
202431,24.8,24.685714285714287,27.099999999999998
202432,15.9,24.185714285714287,26.585714285714285
202433,8.5,25.071428571428573,27.442857142857143
202434,30.1,24.457142857142856,26.857142857142858
202435,22.299999999999997,24.3,26.914285714285715
202436,10.7,24.62857142857143,27.24285714285714
202437,31.8,24.271428571428572,26.314285714285713
202438,12.3,24.82857142857143,27.271428571428572
202439,12.9,25.142857142857142,27.557142857142857
202440,14.0,25.228571428571428,27.614285714285717
202441,2.9,25.928571428571427,28.642857142857142
202442,8.0,26.3,28.900000000000002
202443,7.9,26.314285714285713,29.014285714285712
202444,8.4,26.47142857142857,29.02857142857143
202445,17.6,26.285714285714285,28.62857142857143
202446,11.2,26.457142857142856,29.12857142857143
202447,11.4,26.785714285714285,29.62857142857143
202448,5.2,27.385714285714283,30.185714285714287
202449,22.1,26.357142857142858,28.928571428571427
202450,13.5,27.114285714285717,29.75714285714286
202451,19.7,27.014285714285712,29.342857142857145
202452,11.8,27.085714285714285,29.62857142857143
202501,8.2,27.03333333333333,29.400000000000002
